{
  "id": "163",
  "name": "errs_normal_bot",
  "pools": [
    {
      "rolls": 1,
      "entries": [
        {
          "type": "item",
          "weight": 999999,
          "name": "minecraft:iron_sword",
          "functions": [
            {
              "function": "set_count",
              "count": {
                "min": 1,
                "max": 1
              }
            },
            {
              "enchantments": [
                "unbreaking",
                "mending"
              ],
              "function": "set_data",
              "data": "0"
            }
          ]
        }
      ]
    }
  ]
}