{
	"format_version": "1.10.0",
	"animation_controllers": {
		"controller.animation.killed_by_target": {
			"states": {
				"default": {
					"transitions": [
						{
							"killed_by_target": "!query.is_alive && query.last_hit_by_player"
						}
					]
				},
				"killed_by_target": {
					"on_entry": [
						"/tellraw @a {\"rawtext\":[{\"text\": \"§7Special_Bot was killed by \"}, {\"selector\": \"@p\"}]}",
						"/gamerule falldamage true",
						"/gamerule naturalregeneration true"
					]
				}
			}
		}
	}
}