{
  "format_version": "1.15.0",
  "minecraft:biome": {
    "description": {
      "identifier": "pvp_bioma"
    },
    "components": {
      "minecraft:climate": {
        "downfall": 99999999,
        "snow_accumulation": [
          0.0,
          0.0
        ],
        "temperature": 5.5,
        "blue_spores": 0,
        "red_spores": 0,
        "white_ash": 0,
        "ash": 0
      },
      "minecraft:overworld_height": {
        "noise_type": "stone_beach"
      },
      "animal": {},
      "monster": {},
      "overworld": {},
      "pvp_bioma": {},
      "minecraft:surface_parameters": {
        "top_material": "minecraft:stone",
        "mid_material": "minecraft:cobblestone",
        "foundation_material": "minecraft:monster_egg",
        "sea_floor_material": "minecraft:stone",
        "sea_material": "minecraft:air",
        "sea_floor_depth": 2
      },
      "minecraft:overworld_generation_rules": {
        "river_transformation": "stone_beach",
        "generate_for_climates": [
          [
            "cold",
            20
          ],
          [
            "medium",
            50
          ]
        ]
      }
    }
  }
}