{
  "format_version": "1.10.0",
  "minecraft:client_entity": {
    "description": {
      "identifier": "errs:special_bot",
      "materials": {
        "default": "entity_alphatest"
      },
      "textures": {
        "default": "textures/entity/special_bot"
      },
      "geometry": {
        "default": "geometry.humanoid.custom"
      },
      "animations": {
        "root_controller": "controller.animation.special_bot.root",
        "humanoid_base_pose": "animation.humanoid.base_pose",
        "look_at_target_controller": "controller.animation.humanoid.look_at_target",
        "look_at_target_default": "animation.humanoid.look_at_target.default",
        "look_at_target_gliding": "animation.humanoid.look_at_target.gliding",
        "look_at_target_swimming": "animation.humanoid.look_at_target.swimming",
        "look_at_target_inverted": "animation.player.look_at_target.inverted",
        "move": "animation.humanoid.move",
        "riding.arms": "animation.player.riding.arms",
        "riding.legs": "animation.player.riding.legs",
        "holding": "animation.player.holding",
        "attack.rotations": "animation.player.attack.rotations",
        "sneaking": "animation.player.sneaking",
        "bob": "animation.player.bob",
        "damage_nearby_mobs": "animation.humanoid.damage_nearby_mobs",
        "riding_controller": "controller.animation.humanoid.riding",
        "attack_controller": "controller.animation.humanoid.attack",
        "damage_nearby_mobs_controller": "controller.animation.humanoid.damage_nearby_mobs"
      },
      "spawn_egg": {
        "texture": "errs:special_bot",
        "texture_index": 0
      },
      "scripts": {
        "scale": "0.9375",
        "pre_animation": [
          "variable.attack_body_rot_y = Math.sin(360*Math.sqrt(variable.attack_time)) * 5.0;",
          "variable.tcos0 = (math.cos(query.modified_distance_moved * 38.17) * query.modified_move_speed / variable.gliding_speed_value) * 57.3;",
          "variable.hand_bob = query.life_time < 0.01 ? 0.0 : variable.hand_bob + ((query.is_on_ground && query.is_alive ? math.clamp(math.sqrt(math.pow(query.position_delta(0), 2.0) + math.pow(query.position_delta(2), 2.0)), 0.0, 0.1) : 0.0) - variable.hand_bob) * 0.02;",
          "variable.map_angle = math.clamp(1 - variable.player_x_rotation / 45.1, 0.0, 1.0);",
          "variable.item_use_normalized = query.main_hand_item_use_duration / query.main_hand_item_max_duration;"
        ],
        "animate": [
          "root_controller"
        ]
      },
      "render_controllers": [ "controller.render.default" ],
      "enable_attachables": true
    }
  }
}