{
   "entity_sounds" : {
      "entities" : {
         "errs:pvpbot" : {
            "events" : {
               "attack.nodamage" : "game.player.attack.nodamage",
               "hurt" : "game.player.hurt",
               "hurt.in.water" : "game.player.hurt",
               "death" : "game.player.die",
               "death.in.water" : "game.player.die",
               "shoot": "random.bow",
               "elderguardian.curse" : {
                  "pitch" : 1.0,
                  "sound" : "mob.elderguardian.curse",
                  "volume" : 1.0
               }
            },
            "pitch" : [ 0.80, 1.20 ],
            "volume" : 1.0
         }
      }
   }
}
