{
  "format_version": "1.10.0",
  "minecraft:entity": {
    "description": {
      "identifier": "errs:easy_bot",
      "is_spawnable": true,
      "is_summonable": true,
      "is_experimental": false,
      "scripts": {
        "animate": [
          "ai"
        ]
      },
      "animations": {
        "ai": "controller.animation.easy_bot.ai"
      }
    },
    "component_groups": {
      "dream:skin0": {
        "minecraft:variant": {
          "value": 0
        }
      },
      "dream:skin1": {
        "minecraft:variant": {
          "value": 1
        }
      },
      "become_zombie": {
        "minecraft:transformation": {
          "into": "minecraft:zombie_villager"
        }
      },
      "baby": {
        "minecraft:is_baby": {},
        "minecraft:scale": {
          "value": 0.5
        },
        "minecraft:ageable": {
          "duration": 1200,
          "grow_up": {
            "event": "minecraft:ageable_grow_up",
            "target": "self"
          }
        },
        "minecraft:behavior.take_flower": {
          "priority": 7
        },
        "minecraft:behavior.play": {
          "priority": 8,
          "speed_multiplier": 0.5
        }
      },
      "adult": {
        "minecraft:behavior.make_love": {
          "priority": 6
        },
        "minecraft:behavior.receive_love": {
          "priority": 7
        }
      },
      "minecraft:pig_transform": {
        "minecraft:transformation": {
          "into": "minecraft:zombie_villager"
        }
      }
    },
    "components": {
      "minecraft:type_family": {
        "family": [
          "pvb"
        ]
      },
      "minecraft:breathable": {
        "totalSupply": 1000,
        "suffocateTime": 0,
        "generatesBubbles": false
      },
      "minecraft:health": {
        "value": 220,
        "max": 220
      },
      "minecraft:collision_box": {
        "width": 0.6,
        "height": 1.8
      },
      "minecraft:nameable": {
        "default_trigger": {
          "event": "dream:skin0",
          "target": "self"
        },
        "name_actions": [
          {
            "name_filter": "Dream",
            "on_named": {
              "event": "dream:skin1",
              "target": "self"
            }
          }
        ],
        "always_show": true
      },
      "minecraft:movement": {
        "value": 0.3
      },
      "minecraft:underwater_movement": {
        "value": 0.1275
      },
      "minecraft:underlava_movement": {
        "value": 0.1275
      },
      "minecraft:on_the_water_movement": {
        "value": 1.9
      },
      "minecraft:in_the_water_movement": {
        "value": 1.9
      },
      "minecraft:on_water_movement": {
        "value": 1.9
      },
      "minecraft:in_water_movement": {
        "priority": 2,
        "value": 1.9
      },
      "minecraft:speed_on_water": {
        "value": 1.9
      },
      "minecraft:speed_in_water": {
        "value": 1.9
      },
      "minecraft:speed_on_water": {
        "speed": 1.9
      },
      "minecraft:speed_in_water": {
        "speed": 1.9
      },
      "minecraft:path_over_water_movement": {
        "speed": 1.9,
        "value": 1.9
      },
      "minecraft:navigation.walk": {
        "is_amphibious": true,
        "can_path_over_water": true,
        "can_pass_doors": true,
        "can_open_doors": true,
        "can_jump": true,
        "can_swim": true,
        "can_float": true,
        "can_walk": true,
        "avoid_water": false,
        "avoid_lava": true,
        "avoid_flowing_lava": true
      },
      "minecraft:annotation.open_door": {},
      "minecraft:movement.basic": {},
      "minecraft:jump.static": {},
      "minecraft:can_climb": {},
      "minecraft:damage_sensor": [
        {
          "on_damage": {
            "filters": {
              "test": "is_family",
              "subject": "other",
              "value": "lightning"
            },
            "event": "become_witch"
          },
          "deals_damage": false
        },
        {
          "on_damage": {
            "filters": {
              "test": "is_family",
              "subject": "other",
              "value": "lightning"
            },
            "event": "become_zombie"
          },
          "deals_damage": true
        }
      ],
      "minecraft:behavior.float": {
        "priority": 0
      },
      "minecraft:float_movement": {
        "value": 1.9
      },
      "minecraft:floating_movement": {
        "value": 1.9
      },
      "minecraft:float_speed_movement": {
        "value": 1.9
      },
      "minecraft:float_speed_movement": {
        "speed": 1.9
      },
      "minecraft:behavior.panic": {
        "priority": 3,
        "speed_multiplier": 0.5
      },
      "minecraft:behavior.avoid_mob_type": {
        "priority": 3,
        "entity_types": [
          {
            "filters": {
              "any_of": [
                {
                  "test": "is_family",
                  "subject": "other",
                  "value": "zombie"
                },
                {
                  "test": "is_family",
                  "subject": "other",
                  "value": "zombie_villager"
                },
                {
                  "test": "is_family",
                  "subject": "other",
                  "value": "zombie_pigman"
                },
                {
                  "test": "is_family",
                  "subject": "other",
                  "value": "illager"
                },
                {
                  "test": "is_family",
                  "subject": "other",
                  "value": "vex"
                }
              ],
              "other_with_families": [
                "enderman",
                "endermite",
                "irongolem",
                "ravager",
                "vex",
                "wither"
              ]
            },
            "max_dist": 8,
            "walk_speed_multiplier": 0.6,
            "sprint_speed_multiplier": 0.6
          }
        ]
      },
      "minecraft:behavior.move_indoors": {
        "priority": 4,
        "speed_multiplier": 0.3
      },
      "minecraft:behavior.restrict_open_door": {
        "priority": 5
      },
      "minecraft:behavior.open_door": {
        "priority": 6,
        "close_door_after": false
      },
      "minecraft:behavior.move_towards_restriction": {
        "priority": 7,
        "speed_multiplier": 0.6
      },
      "minecraft:behavior.share_items": {
        "priority": 8,
        "max_dist": 3,
        "goal_radius": 2.0,
        "speed_multiplier": 0.5,
        "entity_types": [
          {
            "filters": {
              "test": "is_family",
              "subject": "other",
              "value": "villager"
            }
          }
        ]
      },
      "minecraft:behavior.pickup_items": {
        "priority": 9,
        "max_dist": 3,
        "goal_radius": 2,
        "speed_multiplier": 0.5
      },
      "minecraft:behavior.random_stroll": {
        "priority": 11,
        "speed_multiplier": 0.6
      },
      "minecraft:behavior.look_at_player": {
        "priority": 3,
        "look_distance": 8,
        "probability": 0.02
    },
    "minecraft:physics": {},
      "minecraft:experience_reward": {
        "on_death": "query.last_hit_by_player ? 10000 : 0"
      },
      "minecraft:flying_speed": {
        "value": 0.03
      },
      "minecraft:swimming_speed": {
        "value": 3.0
      },
      "minecraft:swimming_movement": {
        "speed": 3.0
      },
      "minecraft:scale": {
        "value": 1
      },
      "minecraft:attack": {
        "damage": 2
      },
      "minecraft:follow_range": {
        "value": 999999999999999999999999999999
      },
      "minecraft:knockback_resistance": {
        "value": 0.1
      },
      "minecraft:behavior.delayed_attack": {
        "priority": 1,
        "delay_the_blow": 0.5,
        "reach_multiplier": 3.5,
        "speed_multiplier": 1.4,
        "attack_duration": 0.5,
        "hit_delay_pct": 0.5
      },
      "minecraft:behavior.melee_attack": {
        "priority": 2,
        "speed_multiplier": 1.4,
        "delay_the_blow": 0.5,
        "punch_speed": 3.0,
        "target_dist": 3.0,
        "max_dist": 3,
        "random_stop_interval": 100,
        "track_target": true,
        "reach_multiplier": 3.5,
        "stop_attack": false
      },
      "minecraft:behavior.stalk_and_pounce_on_target": {
        "priority": 7,
        "stalk_speed": 9.0,
        "max_stalk_dist": 6.0,
        "leap_height": 0.6,
        "leap_dist": 0.8,
        "pounce_max_dist": 9.0,
        "reach_multiplier": 4.0,
        "reach_leap": 4.0,
        "reach": 4.0,
        "interest_time": 0.0,
        "stuck_time": 0.0,
        "strike_dist": 5.0,
        "stuck_blocks": {
          "test": "is_block",
          "subject": "block",
          "operator": "==",
          "value": "snow_layer"
        }
      },
      "minecraft:behavior.nearest_attackable_target": {
        "priority": 1,
        "within_radius": 1000,
        "reselect_targets": true,
        "must_reach": false,
        "entity_types": [
          {
            "filters": {
              "any_of": [
                {
                  "test": "is_family",
                  "subject": "other",
                  "value": "player"
                }
              ]
            },
            "max_dist": 250,
            "must_see": false
          }
        ],
        "must_see": false,
        "speed_multiplier": 1.0
      },
      "minecraft:behavior.hurt_by_target": {
        "priority": 3
      },
      "minecraft:behavior.owner_hurt_by_target": {
        "priority": 2
      },
      "minecraft:behavior.owner_hurt_target": {
        "priority": 1
      },
      "minecraft:behavior.leap_at_target": {
        "priority": 4,
        "yd": 0.6,
        "must_be_on_ground": true,
        "probability": 1.12,
        "target_dist": 5.0,
        "speed_multiplier": 1.0
      },
      "minecraft:fall_damage": {
        "value": 0.0
      },
      "minecraft:behavior.avoid_block": {
        "priority": 9,
        "tick_interval": 0,
        "search_range": 3,
        "search_height": 3,
        "sprint_speed_modifier": 1.1,
        "target_selection_method": "nearest",
        "target_blocks": [
          "minecraft:lava"
        ],
        "avoid_block_sound": "retreat",
        "sound_interval": {
          "range_min": 2.0,
          "range_max": 5.0
        }
      },
      "minecraft:equipment": {
        "table": "loot_tables/entities/easy_bot_equipment.json"
      }
    },
    "events": {
      "dream:skin0": {
        "remove": {
          "component_groups": [
            "dream:skin1"
          ]
        },
        "add": {
          "component_groups": [
            "dream:skin0"
          ]
        }
      },
      "dream:skin1": {
        "remove": {
          "component_groups": [
            "dream:skin0"
          ]
        },
        "add": {
          "component_groups": [
            "dream:skin1"
          ]
        }
      },
      "become_zombie": {
        "remove": {},
        "add": {
          "component_groups": [
            "minecraft:pig_transform"
          ]
        }
      },
      "minecraft:entity_spawned": {
        "sequence": [
          {
            "filters": {
              "test": "has_component",
              "operator": "!=",
              "value": "minecraft:variant"
            },
            "randomize": [
              {
                "weight": 0,
                "add": {
                  "component_groups": [
                    "baby",
                    "dream:skin0"
                  ]
                }
              },
              {
                "weight": 99,
                "add": {
                  "component_groups": [
                    "adult",
                    "dream:skin0"
                  ]
                }
              }
            ]
          }
        ]
      },
      "minecraft:entity_transformed": {
        "sequence": [
          {
            "filters": {
              "test": "has_component",
              "subject": "other",
              "value": "minecraft:is_baby"
            },
            "add": {
              "component_groups": [
                "baby"
              ]
            }
          },
          {
            "filters": {
              "test": "has_component",
              "subject": "other",
              "operator": "!=",
              "value": "minecraft:is_baby"
            },
            "add": {
              "component_groups": [
                "adult"
              ]
            }
          }
        ]
      },
      "minecraft:entity_born": {
        "sequence": [
          {
            "add": {
              "component_groups": [
                "baby"
              ]
            }
          }
        ]
      },
      "minecraft:ageable_grow_up": {
        "sequence": [
          {
            "remove": {
              "component_groups": [
                "baby"
              ]
            },
            "add": {
              "component_groups": [
                "adult"
              ]
            }
          }
        ]
      },
      "on:death": {
        "run_command": {
          "command": []
        }
      },
      "on:hurt": {
        "run_command": {
          "command": []
        }
      },
      "on:hurt_by_player": {
        "run_command": {
          "command": []
        }
      },
      "on:ignite": {
        "run_command": {
          "command": []
        }
      },
      "on:target_acquired": {
        "run_command": {
          "command": []
        }
      },
      "on:target_escape": {
        "run_command": {
          "command": []
        }
      },
      "on:wake_with_owner": {
        "run_command": {
          "command": []
        }
      }
    }
  }
}