{
  "format_version": "1.16.0",
  "minecraft:entity": {
    "description": {
      "identifier": "errs:special_bot",
      "is_spawnable": true,
      "is_summonable": true,
      "is_experimental": false,
      "runtime_identifier": "minecraft:player",
      "scripts": {
        "animate": [
          "killed_by_target",
          "lost_target"
        ]
      },
      "animations": {
        "killed_by_target": "controller.animation.killed_by_target",
        "lost_target": "controller.animation.lost_target"
      }
    },
    "component_groups": {
      "minecraft:add_bad_omen": {
        "minecraft:spell_effects": {
          "add_effects": [
            {
              "effect": "bad_omen",
              "duration": 6000,
              "display_on_screen_animation": true
            }
          ]
        },
        "minecraft:timer": {
          "time": [ 0.0, 0.0 ],
          "looping": false,
          "time_down_event": {
            "event": "minecraft:clear_add_bad_omen",
            "target": "self"
          }
        }
      },
      "minecraft:clear_bad_omen_spell_effect": {
        "minecraft:spell_effects": {
        }
      },
      "minecraft:raid_trigger": {
        "minecraft:raid_trigger": {
          "triggered_event": {
            "event": "minecraft:remove_raid_trigger",
            "target": "self"
          }
        },
        "minecraft:spell_effects": {
          "remove_effects": "bad_omen"
        }
      },
      "minecraft:heal": {
        "minecraft:timer": {
          "looping": false,
          "random_time_choices": [
            { "weight": 1, "value": 2 },
            { "weight": 1, "value": 2 },
            { "weight": 2, "value": 1 },
            { "weight": 2, "value": 4 }
          ],
          "time_down_event": {
            "event": "get_healing_potion",
            "target": "self"
          }
        }
      },
      "minecraft:get_healing_potion": {
        "minecraft:equipment": {
          "slot_drop_chance": [
            {
              "slot": "slot.weapon.mainhand",
              "drop_chance": 0
            }
          ],
          "table": "loot_tables/equipment/healing_potion.json"
        },
        "minecraft:spawn_entity": {
          "entities": [
            {
              "min_wait_time": 0,
              "max_wait_time": 0,
              "spawn_entity": "minecraft:splash_potion",
              "single_use": true,
              "num_to_spawn": 1
            }
          ]
        },
        "minecraft:spell_effects": {
          "add_effects": [
            {
              "effect": "regeneration",
              "amplifier": 4,
              "duration": 2,
              "visible": false,
              "ambient": false
            }
          ]
        },
        "minecraft:timer": {
          "looping": false,
          "time": 0.36,
          "time_down_event": {
            "event": "get_sword",
            "target": "self"
          }
        }
      },
      "minecraft:get_sword": {
        "minecraft:equipment": {
          "slot_drop_chance": [
            {
              "slot": "slot.weapon.mainhand",
              "drop_chance": 0
            }
          ],
          "table": "loot_tables/equipment/diamond_sword.json"
        }
      },
      "minecraft:get_ender_pearl": {
        "minecraft:equipment": {
          "slot_drop_chance": [
            {
              "slot": "slot.weapon.mainhand",
              "drop_chance": 0
            }
          ],
          "table": "loot_tables/equipment/ender_pearl.json"
        },
        "minecraft:timer": {
          "looping": false,
          "time": 0.6,
          "time_down_event": {
            "event": "throw_ender_pearl",
            "target": "self"
          }
        }
      },
      "minecraft:throw_ender_pearl": {
        "minecraft:behavior.ranged_attack": {
          "priority": 2,
          "attack_interval_min": 2,
          "attack_interval_max": 3, 
          "attack_radius": 64,
          "charge_charged_trigger": 0.7,
          "charge_shoot_trigger": 0.7
        },
        "minecraft:shooter": {
          "def": "minecraft:ender_pearl"
        },
        "minecraft:timer": {
          "looping": false,
          "time": 1,
          "time_down_event": {
            "event": "get_sword",
            "target": "self"
          }
        }
      },
      "minecraft:melee_mode": {
        "minecraft:behavior.delayed_attack": {
          "priority": 1,
          "reach_multiplier": 4.8,
          "hit_delay_pct": 0,
          "attack_duration": 0,
          "track_target": false
        }
      },
      "minecraft:has_target": {
        "minecraft:behavior.look_at_entity": {
          "priority": 2,
          "look_distance": 64,
          "probability": 1.0,
          "angle_of_view_vertical": 135,
          "angle_of_view_horizontal": 170,
          "filters": { 
                  "all_of": [
                    { "test" :  "is_family", "subject" : "other", "value" :  "player"}
                  ] 
          }
        },
        "minecraft:knockback_resistance": {
          "value": 0.05
        }
      },
      "minecraft:bot_despawn": {
        "minecraft:is_saddled": {
        },
        "minecraft:despawn": {
          "filters": {
            "all_of": [
              { "test": "is_family", "subject": "self", "value": "bot"} 
            ]
          }
        }
      }
    },
    "components": {
      "minecraft:tick_world": {
      },
      "minecraft:experience_reward": {
        "on_death": "query.last_hit_by_player ? 2000 : 0"
      },
      "minecraft:type_family": {
        "family": [ "bot" ]
      },
      "minecraft:is_hidden_when_invisible": {
      },
      "minecraft:loot": {
        "table": "loot_tables/special_bot.json"
      },
      "minecraft:equipment": {
        "table": "loot_tables/entities/special_bot_gear.json"
      },
      "minecraft:damage_sensor": {
        "triggers": [
          {
            "on_damage": {
              "event": "heal"
            },
            "cause": "entity_attack",
            "deals_damage": true
          },
          {
            "cause": "fall",
            "deals_damage": false
          }
        ]
      },
      "minecraft:target_nearby_sensor": {
        "inside_range": 6,
        "outside_range": 16,
        "on_inside_range": {
          "event": "melee_mode"
        },
        "on_outside_range": {
          "event": "get_ender_pearl"
        }
      },
      "minecraft:on_target_acquired": {
        "event": "minecraft:has_target",
        "target": "self"
      },
      "minecraft:on_target_escape": {
        "event": "minecraft:lost_target",
        "target": "self"
      },
      "minecraft:health": {
        "value": 20,
        "max": 20
      },
      "minecraft:spell_effects": {
        "add_effects": [
          {
            "effect": "resistance",
            "amplifier": 0,
            "duration": 999999,
            "visible": false,
            "ambient": false
          }
        ]
      },
      "minecraft:collision_box": {
        "width": 0.6,
        "height": 1.8
      },
      "minecraft:annotation.open_door": {
      },
      "minecraft:movement.basic": {
      },
      "minecraft:can_climb": {
      },
      "minecraft:movement": {
        "value": 0.3
      },
      "minecraft:navigation.walk": {
        "can_pass_doors": true,
        "can_open_doors": true,
        "can_path_over_water": true,
        "avoid_damage_blocks": true,
        "can_climb": true
      },
      "minecraft:annotation.open_door": {},
      "minecraft:movement.basic": {},
      "minecraft:jump.static": {},
      "minecraft:can_climb": {},
      "minecraft:hurt_on_condition": {
        "damage_conditions": [
          {
            "filters": { "test": "in_lava", "subject": "self", "operator": "==", "value": true },
            "cause": "lava",
            "damage_per_tick": 4
          }
        ]
      },
      "minecraft:attack": {
        "damage": 1
      },
      "minecraft:player.exhaustion": {
        "value": 0,
        "max": 4
      },
      "minecraft:breathable": {
        "total_supply": 15,
        "suffocate_time": -1,
        "inhale_time": 3.75,
        "generates_bubbles": false
      },
      "minecraft:boss": {
        "name": "§4Special §6Bot",
        "hud_range": 100
      },
      "minecraft:nameable": {
        "always_show": true,
        "allow_name_tag_renaming": true
      },
      "minecraft:behavior.move_indoors": {
        "priority": 5
      },
      "minecraft:behavior.restrict_open_door": {
        "priority": 5
      },
      "minecraft:behavior.open_door": {
        "priority": 5
      },
      "minecraft:behavior.nearest_attackable_target": {
        "priority": 1,
        "must_see": true,
        "within_radius": 25,
        "must_see_forget_duration": 64,
        "entity_types": [
          {
            "filters": {
              "all_of": [
                {
                  "test": "is_family",
                  "subject": "other",
                  "value": "player"
                },
                {
                  "test": "is_family",
                  "subject": "other",
                  "operator": "!=",
                  "value": "bot"
                }
              ]
            },
            "max_dist": 64
          },
          {
            "filters": {
              "all_of": [
                {
                  "test": "is_family",
                  "subject": "other",
                  "value": "monster"
                },
                {
                  "test": "is_family",
                  "subject": "other",
                  "operator": "!=",
                  "value": "zombie_pigman"
                }
              ]
            },
            "max_dist": 15
          }
        ]
      },
      "minecraft:behavior.hurt_by_target": {
        "priority": 3,
        "entity_types": {
          "filters": { "test": "is_family", "subject": "other", "operator": "!=", "value": "zombie_pigman" },
          "max_dist": 64
        }
      },
      "minecraft:behavior.move_towards_restriction": {
        "priority": 1,
        "speed_multiplier": 1.0
      },
      "minecraft:behavior.random_stroll": {
        "priority": 11,
        "speed_multiplier": 0.6
      },
      "minecraft:behavior.look_at_player": {
        "priority": 3,
        "look_distance": 8
      },
      "minecraft:physics": {
      },
      "minecraft:follow_range": {
        "value": 999999999999999999999999999999
      },
      "minecraft:conditional_bandwidth_optimization": {
      },
      "minecraft:environment_sensor": {
        "triggers": {
          "filters": {
            "all_of": [
              {
                "test": "has_mob_effect",
                "subject": "self",
                "value": "bad_omen"
              },
              {
                "test": "is_in_village",
                "subject": "self",
                "value": true
              }
            ]
          },
          "event": "minecraft:trigger_raid"
        }
      }
    },
    "events": {
      "minecraft:entity_spawned": {
        "add": {
          "component_groups": [
            "minecraft:melee_mode"
          ]
        }
      },
      "minecraft:gain_bad_omen": {
        "add": {
          "component_groups": [
            "minecraft:add_bad_omen"
          ]
        }
      },
      "minecraft:clear_add_bad_omen": {
        "remove": {
          "component_groups": [
            "minecraft:add_bad_omen"
          ]
        },
        "add": {
          "component_groups": [
            "minecraft:clear_bad_omen_spell_effect"
          ]
        }
      },
      "minecraft:trigger_raid": {
        "add": {
          "component_groups": [ "minecraft:raid_trigger" ]
        }
      },
      "minecraft:remove_raid_trigger": {
        "remove": {
          "component_groups": [ "minecraft:raid_trigger" ]
        }
      },
      "heal": {
        "add": {
          "component_groups": [
            "minecraft:heal"
          ]
        }
      },
      "get_healing_potion": {
        "add": {
          "component_groups": [
            "minecraft:get_healing_potion"
          ]
        }
      },
      "get_sword": {
        "remove": {
          "component_groups": [
            "minecraft:heal",
            "minecraft:get_healing_potion",
            "minecraft:get_ender_pearl",
            "minecraft:throw_ender_pearl"
          ]
        },
        "add": {
          "component_groups": [
            "minecraft:get_sword",
            "minecraft:melee_mode"
          ]
        }
      },
      "get_ender_pearl": {
        "add": {
          "component_groups": [
            "minecraft:get_ender_pearl"
          ]
        },
        "remove": {
          "component_groups": [
            "minecraft:melee_mode"
          ]
        }
      },
      "throw_ender_pearl": {
        "add": {
          "component_groups": [
            "minecraft:throw_ender_pearl"
          ]
        }
      },
      "melee_mode": {
        "add": {
          "component_groups": [
            "minecraft:melee_mode"
          ]
        },
        "remove": {
          "component_groups": [
            "minecraft:throw_ender_pearl",
            "minecraft:get_ender_pearl"
          ]
        }
      },
      "minecraft:has_target": {
        "add": {
          "component_groups": [
            "minecraft:has_target"
          ]
        }
      },
      "minecraft:lost_target": {
        "add": {
          "component_groups": [
            "minecraft:bot_despawn"
          ]
        }
      }
    }
  }
}